Text,Label
Addiction counselors implemented treatment programs helping individuals overcome substance abuse through comprehensive support services,Health
Ambassador delivered diplomatic note protesting trade sanctions imposed by the international community,Politics
Artificial intelligence researchers achieved breakthrough in natural language processing improving human-computer interaction systems,Technology
Auto racing drivers navigated dangerous curves at high speeds during qualifying rounds for major championship,Sports
Badminton players competed in doubles matches requiring quick reflexes and strategic positioning on court,Sports
Baseball season concluded with exciting playoff series featuring traditional rivals in championship contention,Sports
Blockchain developers created decentralized applications for secure financial transactions and digital asset management,Technology
Boxing match featured heavyweight contenders fighting for title belt in sold-out arena atmosphere,Sports
Campaign finance reform legislation passed through the lower house despite strong opposition from lobby groups,Politics
City council approved zoning changes for residential development in downtown areas after community input sessions,Politics
Clinical trials showed significant improvement in cancer patients using experimental medication and treatment protocols,Health
Cloud computing providers expanded server capacity to meet growing demand for remote computing resources,Technology
Community health workers provided education about disease prevention and healthy lifestyle choices in underserved neighborhoods,Health
Computer hardware manufacturers announced faster processors improving performance for scientific computing and gaming applications,Technology
Computer vision researchers developed image recognition software for medical diagnosis and industrial quality inspection,Sports
Congressional leaders debated the proposed healthcare reform bill yesterday during heated parliamentary sessions,Politics
Congressional oversight committee reviewed intelligence agency operations and surveillance program effectiveness,Politics
Cricket tournament featured exciting matches with close finishes between teams from different cricket-playing nations,Sports
Cybersecurity experts warned about emerging threats to digital infrastructure systems and recommended protective measures,Technology
Cycling team completed grueling mountain stage of prestigious tour through challenging alpine conditions,Sports
Data scientists analyzed massive datasets using advanced statistical models and predictive analytics for business intelligence,Technology
Database administrators implemented new backup systems ensuring data protection and disaster recovery capabilities,Technology
Dentists recommended oral hygiene practices preventing tooth decay and gum disease in children and adults,Health
Digital marketing platform integrated machine learning algorithms for targeted advertising and customer behavior analysis,Technology
Doctors developed new surgical techniques reducing recovery time for heart patients in major hospitals,Health
Electoral commission announced new voter registration procedures for citizens living abroad permanently,Politics
Emergency medical technicians received advanced training for responding to trauma cases and cardiac emergency situations,Health
Environmental health experts studied air quality impacts on respiratory diseases in urban areas with high pollution,Health
Epidemiologists tracked disease patterns across populations identifying risk factors and prevention strategies for communities,Health
Federal investigators examined election security measures and voting system integrity across multiple districts,Politics
Figure skating competition displayed artistic performances combining technical difficulty with creative choreography elements,Sports
Football season begins next week with teams preparing for intense competition and training camps,Technology
Foreign minister attended multilateral summit discussing regional security cooperation and defense agreements,Politics
Gaming studio released multiplayer online game featuring advanced physics engine and realistic character animations,Technology
Geriatric specialists studied aging processes developing interventions for maintaining cognitive function in elderly populations,Health
Golf championship featured professional athletes from around the world competing on historic course layout,Sports
Gymnastics meet showcased athletes performing complex routines on various apparatus requiring strength and flexibility,Sports
Health insurance companies expanded coverage for preventive care services and routine health screening examinations,Health
Health officials recommend vaccination programs to prevent infectious disease outbreaks in urban communities,Health
Health technology company developed wearable devices monitoring vital signs and alerting users to potential health issues,Health
Hockey players practiced intensive drills preparing for upcoming tournament against international competition,Sports
International trade negotiations resumed after months of diplomatic tensions between the two neighboring countries,Politics
Internet security firm discovered vulnerabilities in popular web browsers affecting millions of users worldwide,Technology
Legislative assembly debated emergency powers act during special session called by the premier,Politics
Local government officials announced plans for infrastructure development including roads and public transportation systems,Politics
Marathon runners competed in challenging weather conditions across the mountainous terrain of the scenic route,Sports
Medical devices company created innovative diagnostic equipment for early detection of cardiovascular disease indicators,Health
Medical researchers discovered promising treatment for diabetes using innovative therapy methods in clinical trials,Health
Medical researchers investigated genetic factors contributing to cancer susceptibility and personalized treatment approaches,Health
Medical students learned advanced surgical techniques through simulation training and supervised clinical practice rotations,Health
Mental health professionals developed therapy programs addressing anxiety and depression in adolescent patient populations,Health
Mobile app developers released innovative social networking platform connecting users through shared interests and activities,Technology
Municipal authorities implemented new regulations governing public demonstrations and peaceful assembly rights,Politics
Network engineers upgraded fiber optic infrastructure increasing internet speeds for residential and commercial customers,Technology
Nursing staff implemented patient care protocols improving safety standards and reducing hospital infection rates,Health
Nutritionists published dietary guidelines recommending balanced meals for preventing chronic diseases and maintaining wellness,Health
Occupational health specialists assessed workplace safety conditions identifying hazards affecting employee health and productivity,Health
Olympic athletes competed in swimming events breaking multiple world records during the international competition,Sports
Opposition leader criticized government spending on defense contracts and military equipment purchases,Politics
Parliament voted to approve the budget proposal after extensive political negotiations between opposing parties,Politics
Pediatricians recommended updated vaccination schedules protecting infants from preventable infectious diseases during development,Health
Pharmaceutical company completed clinical trials for new medication treating rare genetic disorders affecting children,Health
Physical therapists developed rehabilitation programs helping patients recover mobility after orthopedic surgery procedures,Health
Political parties released their policy platforms ahead of upcoming provincial elections scheduled for autumn,Politics
Prime minister addressed parliament concerning economic stimulus package and unemployment benefits extension,Politics
Provincial government introduced legislation reforming healthcare administration and insurance coverage policies,Politics
Public health campaign promoted exercise programs encouraging physical activity among sedentary office workers,Health
Public health study revealed important findings about nutrition and wellness practices affecting community health outcomes,Health
Regional parliament voted on constitutional amendments regarding language rights and cultural protection measures,Politics
Robotics engineers designed automated manufacturing systems reducing production costs and improving quality control measures,Technology
Rowing crew achieved victory in prestigious regatta after months of intensive training on local waterways,Sports
Rugby team advanced to semifinals after defeating opponents in physical match played under rainy conditions,Sports
Scientists created breakthrough quantum computing technology for data processing applications in research laboratories,Technology
Semiconductor industry announced smaller chip architecture enabling more powerful portable electronic devices,Technology
Ski resort hosted international competition featuring downhill racing through steep slopes and technical courses,Sports
Soccer match ended in a dramatic overtime victory for the home team against rivals,Sports
Softball league championship game ended with dramatic walk-off home run in bottom of ninth inning,Sports
Software company introduced project management tools streamlining workflow coordination for distributed development teams,Technology
Software engineers developed innovative applications using machine learning algorithms for data analysis and automation,Technology
Software engineers optimized code performance reducing application loading times and improving user experience,Technology
State attorney general launched investigation into corporate lobbying practices and regulatory compliance issues,Politics
Supreme court justices heard arguments regarding constitutional interpretation of privacy rights in digital communications,Politics
Swimming coach developed training program focusing on technique improvement and endurance building for young athletes,Sports
Tech company launched revolutionary cloud computing platform for businesses worldwide with enhanced security features,Technology
Tech conference featured presentations on emerging technologies including augmented reality and autonomous vehicle systems,Technology
Tech startup launched drone delivery service for remote areas lacking traditional transportation infrastructure,Technology
Technology incubator supported emerging companies developing sustainable energy solutions and environmental monitoring systems,Technology
Tennis player advanced to the finals after defeating the defending champion in straight sets,Sports
The basketball team won the championship game with a final score of eighty-five to seventy-two,Sports
The governor signed legislation addressing climate change and environmental protection measures for the state,Politics
The mayor proposed new tax policies to fund public education and municipal services improvements,Politics
The new smartphone features advanced artificial intelligence and improved battery life technology for consumers,Technology
The president announced new immigration policies during today's press conference and outlined major reforms,Politics
The senate committee investigated allegations of corruption within the federal agency during public hearings,Politics
Track and field events showcased record-breaking performances in jumping and throwing competitions at stadium,Sports
"Triathlon athletes completed swimming, cycling, and running segments in challenging outdoor conditions testing endurance",Sports
Virtual reality company unveiled immersive gaming platform featuring realistic graphics and motion tracking capabilities,Technology
Volleyball players demonstrated exceptional teamwork during regional championships held at university sports complex,Sports
Voters will decide on the referendum regarding constitutional amendments next month in nationwide elections,Politics
Wrestling tournament brought together college athletes competing for national titles in various weight categories,Sports
